{
	"start":	{
		"connected":	[{
				"socket":	5,
				"local_host":	"10.171.211.72",
				"local_port":	55311,
				"remote_host":	"10.171.211.94",
				"remote_port":	5201
			}],
		"version":	"iperf 3.21",
		"system_info":	"CYGWIN_NT-10.0-26200 AidanPC 3.6.7-1.x86_64 2026-03-02 20:13 UTC x86_64",
		"timestamp":	{
			"time":	"Tue, 28 Apr 2026 18:27:11 GMT",
			"timesecs":	1777400831,
			"timemillisecs":	1777400831993
		},
		"connecting_to":	{
			"host":	"10.171.211.94",
			"port":	5201
		},
		"cookie":	"dqhard57dmdevtfmkzighjmrpotlf2tchj22",
		"tcp_mss_default":	1460,
		"target_bitrate":	0,
		"fq_rate":	0,
		"sock_bufsize":	0,
		"sndbuf_actual":	65536,
		"rcvbuf_actual":	65536,
		"test_start":	{
			"protocol":	"TCP",
			"num_streams":	1,
			"blksize":	131072,
			"omit":	0,
			"duration":	30,
			"bytes":	0,
			"blocks":	0,
			"reverse":	0,
			"tos":	0,
			"target_bitrate":	0,
			"bidir":	0,
			"fqrate":	0,
			"interval":	1,
			"gso":	0,
			"gro":	0
		}
	},
	"intervals":	[{
			"streams":	[{
					"socket":	5,
					"start":	0,
					"end":	1.011568,
					"seconds":	1.0115679502487183,
					"bytes":	524288,
					"bits_per_second":	4146339.3526541935,
					"omitted":	false,
					"sender":	true
				}],
			"sum":	{
				"start":	0,
				"end":	1.011568,
				"seconds":	1.0115679502487183,
				"bytes":	524288,
				"bits_per_second":	4146339.3526541935,
				"omitted":	false,
				"sender":	true
			}
		}, {
			"streams":	[{
					"socket":	5,
					"start":	1.011568,
					"end":	2.009561,
					"seconds":	0.997992992401123,
					"bytes":	262144,
					"bits_per_second":	2101369.4644832658,
					"omitted":	false,
					"sender":	true
				}],
			"sum":	{
				"start":	1.011568,
				"end":	2.009561,
				"seconds":	0.997992992401123,
				"bytes":	262144,
				"bits_per_second":	2101369.4644832658,
				"omitted":	false,
				"sender":	true
			}
		}, {
			"streams":	[{
					"socket":	5,
					"start":	2.009561,
					"end":	3.012874,
					"seconds":	1.0033129453659058,
					"bytes":	262144,
					"bits_per_second":	2090227.1915121896,
					"omitted":	false,
					"sender":	true
				}],
			"sum":	{
				"start":	2.009561,
				"end":	3.012874,
				"seconds":	1.0033129453659058,
				"bytes":	262144,
				"bits_per_second":	2090227.1915121896,
				"omitted":	false,
				"sender":	true
			}
		}, {
			"streams":	[{
					"socket":	5,
					"start":	3.012874,
					"end":	4.015241,
					"seconds":	1.00236701965332,
					"bytes":	393216,
					"bits_per_second":	3138299.5832085386,
					"omitted":	false,
					"sender":	true
				}],
			"sum":	{
				"start":	3.012874,
				"end":	4.015241,
				"seconds":	1.00236701965332,
				"bytes":	393216,
				"bits_per_second":	3138299.5832085386,
				"omitted":	false,
				"sender":	true
			}
		}, {
			"streams":	[{
					"socket":	5,
					"start":	4.015241,
					"end":	5.011849,
					"seconds":	0.996608018875122,
					"bytes":	262144,
					"bits_per_second":	2104289.710980922,
					"omitted":	false,
					"sender":	true
				}],
			"sum":	{
				"start":	4.015241,
				"end":	5.011849,
				"seconds":	0.996608018875122,
				"bytes":	262144,
				"bits_per_second":	2104289.710980922,
				"omitted":	false,
				"sender":	true
			}
		}, {
			"streams":	[{
					"socket":	5,
					"start":	5.011849,
					"end":	6.009659,
					"seconds":	0.9978100061416626,
					"bytes":	262144,
					"bits_per_second":	2101754.830169803,
					"omitted":	false,
					"sender":	true
				}],
			"sum":	{
				"start":	5.011849,
				"end":	6.009659,
				"seconds":	0.9978100061416626,
				"bytes":	262144,
				"bits_per_second":	2101754.830169803,
				"omitted":	false,
				"sender":	true
			}
		}, {
			"streams":	[{
					"socket":	5,
					"start":	6.009659,
					"end":	7.013405,
					"seconds":	1.0037460327148438,
					"bytes":	131072,
					"bits_per_second":	1044662.6595015316,
					"omitted":	false,
					"sender":	true
				}],
			"sum":	{
				"start":	6.009659,
				"end":	7.013405,
				"seconds":	1.0037460327148438,
				"bytes":	131072,
				"bits_per_second":	1044662.6595015316,
				"omitted":	false,
				"sender":	true
			}
		}, {
			"streams":	[{
					"socket":	5,
					"start":	7.013405,
					"end":	8.015103,
					"seconds":	1.0016980171203613,
					"bytes":	393216,
					"bits_per_second":	3140395.55458361,
					"omitted":	false,
					"sender":	true
				}],
			"sum":	{
				"start":	7.013405,
				"end":	8.015103,
				"seconds":	1.0016980171203613,
				"bytes":	393216,
				"bits_per_second":	3140395.55458361,
				"omitted":	false,
				"sender":	true
			}
		}, {
			"streams":	[{
					"socket":	5,
					"start":	8.015103,
					"end":	9.012073,
					"seconds":	0.996969997882843,
					"bytes":	655360,
					"bits_per_second":	5258814.2182149263,
					"omitted":	false,
					"sender":	true
				}],
			"sum":	{
				"start":	8.015103,
				"end":	9.012073,
				"seconds":	0.996969997882843,
				"bytes":	655360,
				"bits_per_second":	5258814.2182149263,
				"omitted":	false,
				"sender":	true
			}
		}, {
			"streams":	[{
					"socket":	5,
					"start":	9.012073,
					"end":	10.011645,
					"seconds":	0.999571979045868,
					"bytes":	1572864,
					"bits_per_second":	12588300.056200957,
					"omitted":	false,
					"sender":	true
				}],
			"sum":	{
				"start":	9.012073,
				"end":	10.011645,
				"seconds":	0.999571979045868,
				"bytes":	1572864,
				"bits_per_second":	12588300.056200957,
				"omitted":	false,
				"sender":	true
			}
		}, {
			"streams":	[{
					"socket":	5,
					"start":	10.011645,
					"end":	11.013074,
					"seconds":	1.0014289617538452,
					"bytes":	1572864,
					"bits_per_second":	12564957.156784251,
					"omitted":	false,
					"sender":	true
				}],
			"sum":	{
				"start":	10.011645,
				"end":	11.013074,
				"seconds":	1.0014289617538452,
				"bytes":	1572864,
				"bits_per_second":	12564957.156784251,
				"omitted":	false,
				"sender":	true
			}
		}, {
			"streams":	[{
					"socket":	5,
					"start":	11.013074,
					"end":	12.012725,
					"seconds":	0.99965101480484,
					"bytes":	1572864,
					"bits_per_second":	12587304.783016238,
					"omitted":	false,
					"sender":	true
				}],
			"sum":	{
				"start":	11.013074,
				"end":	12.012725,
				"seconds":	0.99965101480484,
				"bytes":	1572864,
				"bits_per_second":	12587304.783016238,
				"omitted":	false,
				"sender":	true
			}
		}, {
			"streams":	[{
					"socket":	5,
					"start":	12.012725,
					"end":	13.010976,
					"seconds":	0.99825102090835571,
					"bytes":	1441792,
					"bits_per_second":	11554544.657018596,
					"omitted":	false,
					"sender":	true
				}],
			"sum":	{
				"start":	12.012725,
				"end":	13.010976,
				"seconds":	0.99825102090835571,
				"bytes":	1441792,
				"bits_per_second":	11554544.657018596,
				"omitted":	false,
				"sender":	true
			}
		}, {
			"streams":	[{
					"socket":	5,
					"start":	13.010976,
					"end":	14.008216,
					"seconds":	0.99724000692367554,
					"bytes":	1572864,
					"bits_per_second":	12617736.86639012,
					"omitted":	false,
					"sender":	true
				}],
			"sum":	{
				"start":	13.010976,
				"end":	14.008216,
				"seconds":	0.99724000692367554,
				"bytes":	1572864,
				"bits_per_second":	12617736.86639012,
				"omitted":	false,
				"sender":	true
			}
		}, {
			"streams":	[{
					"socket":	5,
					"start":	14.008216,
					"end":	15.010449,
					"seconds":	1.0022330284118652,
					"bytes":	1441792,
					"bits_per_second":	11508636.886849824,
					"omitted":	false,
					"sender":	true
				}],
			"sum":	{
				"start":	14.008216,
				"end":	15.010449,
				"seconds":	1.0022330284118652,
				"bytes":	1441792,
				"bits_per_second":	11508636.886849824,
				"omitted":	false,
				"sender":	true
			}
		}, {
			"streams":	[{
					"socket":	5,
					"start":	15.010449,
					"end":	16.006075,
					"seconds":	0.99562597274780273,
					"bytes":	1572864,
					"bits_per_second":	12638191.795331275,
					"omitted":	false,
					"sender":	true
				}],
			"sum":	{
				"start":	15.010449,
				"end":	16.006075,
				"seconds":	0.99562597274780273,
				"bytes":	1572864,