{
	"start":	{
		"connected":	[{
				"socket":	5,
				"local_host":	"10.171.211.72",
				"local_port":	52927,
				"remote_host":	"10.171.211.94",
				"remote_port":	5201
			}],
		"version":	"iperf 3.21",
		"system_info":	"CYGWIN_NT-10.0-26200 AidanPC 3.6.7-1.x86_64 2026-03-02 20:13 UTC x86_64",
		"timestamp":	{
			"time":	"Tue, 28 Apr 2026 18:30:27 GMT",
			"timesecs":	1777401027,
			"timemillisecs":	1777401027992
		},
		"connecting_to":	{
			"host":	"10.171.211.94",
			"port":	5201
		},
		"cookie":	"xqbgecu2l5653ymka7nwhebhdffyealesn4j",
		"tcp_mss_default":	1460,
		"target_bitrate":	0,
		"fq_rate":	0,
		"sock_bufsize":	0,
		"sndbuf_actual":	65536,
		"rcvbuf_actual":	65536,
		"test_start":	{
			"protocol":	"TCP",
			"num_streams":	1,
			"blksize":	131072,
			"omit":	0,
			"duration":	30,
			"bytes":	0,
			"blocks":	0,
			"reverse":	0,
			"tos":	0,
			"target_bitrate":	0,
			"bidir":	0,
			"fqrate":	0,
			"interval":	1,
			"gso":	0,
			"gro":	0
		}
	},
	"intervals":	[{
			"streams":	[{
					"socket":	5,
					"start":	0,
					"end":	1.005092,
					"seconds":	1.0050920248031616,
					"bytes":	1179648,
					"bits_per_second":	9389373.07939359,
					"omitted":	false,
					"sender":	true
				}],
			"sum":	{
				"start":	0,
				"end":	1.005092,
				"seconds":	1.0050920248031616,
				"bytes":	1179648,
				"bits_per_second":	9389373.07939359,
				"omitted":	false,
				"sender":	true
			}
		}, {
			"streams":	[{
					"socket":	5,
					"start":	1.005092,
					"end":	2.00197,
					"seconds":	0.99687802791595459,
					"bytes":	917504,
					"bits_per_second":	7363019.1402100278,
					"omitted":	false,
					"sender":	true
				}],
			"sum":	{
				"start":	1.005092,
				"end":	2.00197,
				"seconds":	0.99687802791595459,
				"bytes":	917504,
				"bits_per_second":	7363019.1402100278,
				"omitted":	false,
				"sender":	true
			}
		}, {
			"streams":	[{
					"socket":	5,
					"start":	2.00197,
					"end":	3.005043,
					"seconds":	1.00307297706604,
					"bytes":	1179648,
					"bits_per_second":	9408272.5940873157,
					"omitted":	false,
					"sender":	true
				}],
			"sum":	{
				"start":	2.00197,
				"end":	3.005043,
				"seconds":	1.00307297706604,
				"bytes":	1179648,
				"bits_per_second":	9408272.5940873157,
				"omitted":	false,
				"sender":	true
			}
		}, {
			"streams":	[{
					"socket":	5,
					"start":	3.005043,
					"end":	4.002348,
					"seconds":	0.99730497598648071,
					"bytes":	1441792,
					"bits_per_second":	11565505.3145512,
					"omitted":	false,
					"sender":	true
				}],
			"sum":	{
				"start":	3.005043,
				"end":	4.002348,
				"seconds":	0.99730497598648071,
				"bytes":	1441792,
				"bits_per_second":	11565505.3145512,
				"omitted":	false,
				"sender":	true
			}
		}, {
			"streams":	[{
					"socket":	5,
					"start":	4.002348,
					"end":	5.014184,
					"seconds":	1.011836051940918,
					"bytes":	1441792,
					"bits_per_second":	11399411.967852576,
					"omitted":	false,
					"sender":	true
				}],
			"sum":	{
				"start":	4.002348,
				"end":	5.014184,
				"seconds":	1.011836051940918,
				"bytes":	1441792,
				"bits_per_second":	11399411.967852576,
				"omitted":	false,
				"sender":	true
			}
		}, {
			"streams":	[{
					"socket":	5,
					"start":	5.014184,
					"end":	6.001393,
					"seconds":	0.9872090220451355,
					"bytes":	917504,
					"bits_per_second":	7435134.64331408,
					"omitted":	false,
					"sender":	true
				}],
			"sum":	{
				"start":	5.014184,
				"end":	6.001393,
				"seconds":	0.9872090220451355,
				"bytes":	917504,
				"bits_per_second":	7435134.64331408,
				"omitted":	false,
				"sender":	true
			}
		}, {
			"streams":	[{
					"socket":	5,
					"start":	6.001393,
					"end":	7.012217,
					"seconds":	1.0108239650726318,
					"bytes":	1310720,
					"bits_per_second":	10373477.838197628,
					"omitted":	false,
					"sender":	true
				}],
			"sum":	{
				"start":	6.001393,
				"end":	7.012217,
				"seconds":	1.0108239650726318,
				"bytes":	1310720,
				"bits_per_second":	10373477.838197628,
				"omitted":	false,
				"sender":	true
			}
		}, {
			"streams":	[{
					"socket":	5,
					"start":	7.012217,
					"end":	8.010077,
					"seconds":	0.997860014438629,
					"bytes":	1179648,
					"bits_per_second":	9457422.7481287755,
					"omitted":	false,
					"sender":	true
				}],
			"sum":	{
				"start":	7.012217,
				"end":	8.010077,
				"seconds":	0.997860014438629,
				"bytes":	1179648,
				"bits_per_second":	9457422.7481287755,
				"omitted":	false,
				"sender":	true
			}
		}, {
			"streams":	[{
					"socket":	5,
					"start":	8.010077,
					"end":	9.010264,
					"seconds":	1.0001870393753052,
					"bytes":	1310720,
					"bits_per_second":	10483799.116762375,
					"omitted":	false,
					"sender":	true
				}],
			"sum":	{
				"start":	8.010077,
				"end":	9.010264,
				"seconds":	1.0001870393753052,
				"bytes":	1310720,
				"bits_per_second":	10483799.116762375,
				"omitted":	false,
				"sender":	true
			}
		}, {
			"streams":	[{
					"socket":	5,
					"start":	9.010264,
					"end":	10.00927,
					"seconds":	0.99900597333908081,
					"bytes":	1703936,
					"bits_per_second":	13645051.545025371,
					"omitted":	false,
					"sender":	true
				}],
			"sum":	{
				"start":	9.010264,
				"end":	10.00927,
				"seconds":	0.99900597333908081,
				"bytes":	1703936,
				"bits_per_second":	13645051.545025371,
				"omitted":	false,
				"sender":	true
			}
		}, {
			"streams":	[{
					"socket":	5,
					"start":	10.00927,
					"end":	11.006302,
					"seconds":	0.99703198671340942,
					"bytes":	1441792,
					"bits_per_second":	11568671.972121464,
					"omitted":	false,
					"sender":	true
				}],
			"sum":	{
				"start":	10.00927,
				"end":	11.006302,
				"seconds":	0.99703198671340942,
				"bytes":	1441792,
				"bits_per_second":	11568671.972121464,
				"omitted":	false,
				"sender":	true
			}
		}, {
			"streams":	[{
					"socket":	5,
					"start":	11.006302,
					"end":	12.004823,
					"seconds":	0.99852097034454346,
					"bytes":	1441792,
					"bits_per_second":	11551420.894064983,
					"omitted":	false,
					"sender":	true
				}],
			"sum":	{
				"start":	11.006302,
				"end":	12.004823,
				"seconds":	0.99852097034454346,
				"bytes":	1441792,
				"bits_per_second":	11551420.894064983,
				"omitted":	false,
				"sender":	true
			}
		}, {
			"streams":	[{
					"socket":	5,
					"start":	12.004823,
					"end":	13.005025,
					"seconds":	1.000201940536499,
					"bytes":	1572864,
					"bits_per_second":	12580371.513027303,
					"omitted":	false,
					"sender":	true
				}],
			"sum":	{
				"start":	12.004823,
				"end":	13.005025,
				"seconds":	1.000201940536499,
				"bytes":	1572864,
				"bits_per_second":	12580371.513027303,
				"omitted":	false,
				"sender":	true
			}
		}, {
			"streams":	[{
					"socket":	5,
					"start":	13.005025,
					"end":	14.004141,
					"seconds":	0.99911600351333618,
					"bytes":	1310720,
					"bits_per_second":	10495037.576344894,
					"omitted":	false,
					"sender":	true
				}],
			"sum":	{
				"start":	13.005025,
				"end":	14.004141,
				"seconds":	0.99911600351333618,
				"bytes":	1310720,
				"bits_per_second":	10495037.576344894,
				"omitted":	false,
				"sender":	true
			}
		}, {
			"streams":	[{
					"socket":	5,
					"start":	14.004141,
					"end":	15.006887,
					"seconds":	1.0027459859848022,
					"bytes":	1441792,
					"bits_per_second":	11502749.610782104,
					"omitted":	false,
					"sender":	true
				}],
			"sum":	{
				"start":	14.004141,
				"end":	15.006887,
				"seconds":	1.0027459859848022,
				"bytes":	1441792,
				"bits_per_second":	11502749.610782104,
				"omitted":	false,
				"sender":	true
			}
		}, {
			"streams":	[{
					"socket":	5,
					"start":	15.006887,
					"end":	16.003063,
					"seconds":	0.99617600440979,
					"bytes":	1572864,
					"bits_per_second":	12631213.705508865,
					"omitted":	false,
					"sender":	true
				}],
			"sum":	{
				"start":	15.006887,
				"end":	16.003063,
				"seconds":	0.99617600440979,
				"bytes":	1572864,