{
	"start":	{
		"connected":	[{
				"socket":	5,
				"local_host":	"10.171.211.72",
				"local_port":	53888,
				"remote_host":	"10.171.211.94",
				"remote_port":	5201
			}],
		"version":	"iperf 3.21",
		"system_info":	"CYGWIN_NT-10.0-26200 AidanPC 3.6.7-1.x86_64 2026-03-02 20:13 UTC x86_64",
		"timestamp":	{
			"time":	"Tue, 28 Apr 2026 18:29:21 GMT",
			"timesecs":	1777400961,
			"timemillisecs":	1777400961594
		},
		"connecting_to":	{
			"host":	"10.171.211.94",
			"port":	5201
		},
		"cookie":	"ughdk75dcgkxndhlci4j72jwohtifvyauczn",
		"tcp_mss_default":	1460,
		"target_bitrate":	0,
		"fq_rate":	0,
		"sock_bufsize":	0,
		"sndbuf_actual":	65536,
		"rcvbuf_actual":	65536,
		"test_start":	{
			"protocol":	"TCP",
			"num_streams":	1,
			"blksize":	131072,
			"omit":	0,
			"duration":	30,
			"bytes":	0,
			"blocks":	0,
			"reverse":	0,
			"tos":	0,
			"target_bitrate":	0,
			"bidir":	0,
			"fqrate":	0,
			"interval":	1,
			"gso":	0,
			"gro":	0
		}
	},
	"intervals":	[{
			"streams":	[{
					"socket":	5,
					"start":	0,
					"end":	1.007897,
					"seconds":	1.0078970193862915,
					"bytes":	393216,
					"bits_per_second":	3121080.7646950218,
					"omitted":	false,
					"sender":	true
				}],
			"sum":	{
				"start":	0,
				"end":	1.007897,
				"seconds":	1.0078970193862915,
				"bytes":	393216,
				"bits_per_second":	3121080.7646950218,
				"omitted":	false,
				"sender":	true
			}
		}, {
			"streams":	[{
					"socket":	5,
					"start":	1.007897,
					"end":	2.005184,
					"seconds":	0.99728697538375854,
					"bytes":	524288,
					"bits_per_second":	4205714.2061702162,
					"omitted":	false,
					"sender":	true
				}],
			"sum":	{
				"start":	1.007897,
				"end":	2.005184,
				"seconds":	0.99728697538375854,
				"bytes":	524288,
				"bits_per_second":	4205714.2061702162,
				"omitted":	false,
				"sender":	true
			}
		}, {
			"streams":	[{
					"socket":	5,
					"start":	2.005184,
					"end":	3.000626,
					"seconds":	0.995441973209381,
					"bytes":	262144,
					"bits_per_second":	2106754.64410911,
					"omitted":	false,
					"sender":	true
				}],
			"sum":	{
				"start":	2.005184,
				"end":	3.000626,
				"seconds":	0.995441973209381,
				"bytes":	262144,
				"bits_per_second":	2106754.64410911,
				"omitted":	false,
				"sender":	true
			}
		}, {
			"streams":	[{
					"socket":	5,
					"start":	3.000626,
					"end":	4.013365,
					"seconds":	1.0127389430999756,
					"bytes":	393216,
					"bits_per_second":	3106158.8195384126,
					"omitted":	false,
					"sender":	true
				}],
			"sum":	{
				"start":	3.000626,
				"end":	4.013365,
				"seconds":	1.0127389430999756,
				"bytes":	393216,
				"bits_per_second":	3106158.8195384126,
				"omitted":	false,
				"sender":	true
			}
		}, {
			"streams":	[{
					"socket":	5,
					"start":	4.013365,
					"end":	5.000151,
					"seconds":	0.98678600788116455,
					"bytes":	524288,
					"bits_per_second":	4250469.6727571618,
					"omitted":	false,
					"sender":	true
				}],
			"sum":	{
				"start":	4.013365,
				"end":	5.000151,
				"seconds":	0.98678600788116455,
				"bytes":	524288,
				"bits_per_second":	4250469.6727571618,
				"omitted":	false,
				"sender":	true
			}
		}, {
			"streams":	[{
					"socket":	5,
					"start":	5.000151,
					"end":	6.011515,
					"seconds":	1.0113639831542969,
					"bytes":	917504,
					"bits_per_second":	7257557.2417632574,
					"omitted":	false,
					"sender":	true
				}],
			"sum":	{
				"start":	5.000151,
				"end":	6.011515,
				"seconds":	1.0113639831542969,
				"bytes":	917504,
				"bits_per_second":	7257557.2417632574,
				"omitted":	false,
				"sender":	true
			}
		}, {
			"streams":	[{
					"socket":	5,
					"start":	6.011515,
					"end":	7.01512,
					"seconds":	1.0036050081253052,
					"bytes":	1048576,
					"bits_per_second":	8358475.6274478855,
					"omitted":	false,
					"sender":	true
				}],
			"sum":	{
				"start":	6.011515,
				"end":	7.01512,
				"seconds":	1.0036050081253052,
				"bytes":	1048576,
				"bits_per_second":	8358475.6274478855,
				"omitted":	false,
				"sender":	true
			}
		}, {
			"streams":	[{
					"socket":	5,
					"start":	7.01512,
					"end":	8.011169,
					"seconds":	0.99604898691177368,
					"bytes":	917504,
					"bits_per_second":	7369147.5986111844,
					"omitted":	false,
					"sender":	true
				}],
			"sum":	{
				"start":	7.01512,
				"end":	8.011169,
				"seconds":	0.99604898691177368,
				"bytes":	917504,
				"bits_per_second":	7369147.5986111844,
				"omitted":	false,
				"sender":	true
			}
		}, {
			"streams":	[{
					"socket":	5,
					"start":	8.011169,
					"end":	9.010071,
					"seconds":	0.99890202283859253,
					"bytes":	917504,
					"bits_per_second":	7348100.0460302783,
					"omitted":	false,
					"sender":	true
				}],
			"sum":	{
				"start":	8.011169,
				"end":	9.010071,
				"seconds":	0.99890202283859253,
				"bytes":	917504,
				"bits_per_second":	7348100.0460302783,
				"omitted":	false,
				"sender":	true
			}
		}, {
			"streams":	[{
					"socket":	5,
					"start":	9.010071,
					"end":	10.006531,
					"seconds":	0.99646002054214478,
					"bytes":	786432,
					"bits_per_second":	6313806.7461823532,
					"omitted":	false,
					"sender":	true
				}],
			"sum":	{
				"start":	9.010071,
				"end":	10.006531,
				"seconds":	0.99646002054214478,
				"bytes":	786432,
				"bits_per_second":	6313806.7461823532,
				"omitted":	false,
				"sender":	true
			}
		}, {
			"streams":	[{
					"socket":	5,
					"start":	10.006531,
					"end":	11.010176,
					"seconds":	1.0036449432373047,
					"bytes":	524288,
					"bits_per_second":	4179071.5215194253,
					"omitted":	false,
					"sender":	true
				}],
			"sum":	{
				"start":	10.006531,
				"end":	11.010176,
				"seconds":	1.0036449432373047,
				"bytes":	524288,
				"bits_per_second":	4179071.5215194253,
				"omitted":	false,
				"sender":	true
			}
		}, {
			"streams":	[{
					"socket":	5,
					"start":	11.010176,
					"end":	12.009555,
					"seconds":	0.99937897920608521,
					"bytes":	1179648,
					"bits_per_second":	9443048.32937048,
					"omitted":	false,
					"sender":	true
				}],
			"sum":	{
				"start":	11.010176,
				"end":	12.009555,
				"seconds":	0.99937897920608521,
				"bytes":	1179648,
				"bits_per_second":	9443048.32937048,
				"omitted":	false,
				"sender":	true
			}
		}, {
			"streams":	[{
					"socket":	5,
					"start":	12.009555,
					"end":	13.007706,
					"seconds":	0.99815100431442261,
					"bytes":	1572864,
					"bits_per_second":	12606220.847959312,
					"omitted":	false,
					"sender":	true
				}],
			"sum":	{
				"start":	12.009555,
				"end":	13.007706,
				"seconds":	0.99815100431442261,
				"bytes":	1572864,
				"bits_per_second":	12606220.847959312,
				"omitted":	false,
				"sender":	true
			}
		}, {
			"streams":	[{
					"socket":	5,
					"start":	13.007706,
					"end":	14.009492,
					"seconds":	1.00178599357605,
					"bytes":	1572864,
					"bits_per_second":	12560479.065077662,
					"omitted":	false,
					"sender":	true
				}],
			"sum":	{
				"start":	13.007706,
				"end":	14.009492,
				"seconds":	1.00178599357605,
				"bytes":	1572864,
				"bits_per_second":	12560479.065077662,
				"omitted":	false,
				"sender":	true
			}
		}, {
			"streams":	[{
					"socket":	5,
					"start":	14.009492,
					"end":	15.012695,
					"seconds":	1.00320303440094,
					"bytes":	1441792,
					"bits_per_second":	11497509.082882408,
					"omitted":	false,
					"sender":	true
				}],
			"sum":	{
				"start":	14.009492,
				"end":	15.012695,
				"seconds":	1.00320303440094,
				"bytes":	1441792,
				"bits_per_second":	11497509.082882408,
				"omitted":	false,
				"sender":	true
			}
		}, {
			"streams":	[{
					"socket":	5,
					"start":	15.012695,
					"end":	16.012881,
					"seconds":	1.0001859664916992,
					"bytes":	1572864,
					"bits_per_second":	12580572.435080681,
					"omitted":	false,
					"sender":	true
				}],
			"sum":	{
				"start":	15.012695,
				"end":	16.012881,
				"seconds":	1.0001859664916992,
				"bytes":	1572864,