{
	"start":	{
		"connected":	[{
				"socket":	5,
				"local_host":	"10.171.211.72",
				"local_port":	56341,
				"remote_host":	"10.171.211.94",
				"remote_port":	5201
			}],
		"version":	"iperf 3.21",
		"system_info":	"CYGWIN_NT-10.0-26200 AidanPC 3.6.7-1.x86_64 2026-03-02 20:13 UTC x86_64",
		"timestamp":	{
			"time":	"Tue, 28 Apr 2026 18:28:48 GMT",
			"timesecs":	1777400928,
			"timemillisecs":	1777400928790
		},
		"connecting_to":	{
			"host":	"10.171.211.94",
			"port":	5201
		},
		"cookie":	"hzz24eykmm6nviclbi7mddclitnjyldfy6bq",
		"tcp_mss_default":	1460,
		"target_bitrate":	0,
		"fq_rate":	0,
		"sock_bufsize":	0,
		"sndbuf_actual":	65536,
		"rcvbuf_actual":	65536,
		"test_start":	{
			"protocol":	"TCP",
			"num_streams":	1,
			"blksize":	131072,
			"omit":	0,
			"duration":	30,
			"bytes":	0,
			"blocks":	0,
			"reverse":	0,
			"tos":	0,
			"target_bitrate":	0,
			"bidir":	0,
			"fqrate":	0,
			"interval":	1,
			"gso":	0,
			"gro":	0
		}
	},
	"intervals":	[{
			"streams":	[{
					"socket":	5,
					"start":	0,
					"end":	1.001633,
					"seconds":	1.0016330480575562,
					"bytes":	1441792,
					"bits_per_second":	11515530.5851462,
					"omitted":	false,
					"sender":	true
				}],
			"sum":	{
				"start":	0,
				"end":	1.001633,
				"seconds":	1.0016330480575562,
				"bytes":	1441792,
				"bits_per_second":	11515530.5851462,
				"omitted":	false,
				"sender":	true
			}
		}, {
			"streams":	[{
					"socket":	5,
					"start":	1.001633,
					"end":	2.01254,
					"seconds":	1.0109070539474487,
					"bytes":	1048576,
					"bits_per_second":	8298100.1737436447,
					"omitted":	false,
					"sender":	true
				}],
			"sum":	{
				"start":	1.001633,
				"end":	2.01254,
				"seconds":	1.0109070539474487,
				"bytes":	1048576,
				"bits_per_second":	8298100.1737436447,
				"omitted":	false,
				"sender":	true
			}
		}, {
			"streams":	[{
					"socket":	5,
					"start":	2.01254,
					"end":	3.0128,
					"seconds":	1.00025999546051,
					"bytes":	1179648,
					"bits_per_second":	9434731.0127655454,
					"omitted":	false,
					"sender":	true
				}],
			"sum":	{
				"start":	2.01254,
				"end":	3.0128,
				"seconds":	1.00025999546051,
				"bytes":	1179648,
				"bits_per_second":	9434731.0127655454,
				"omitted":	false,
				"sender":	true
			}
		}, {
			"streams":	[{
					"socket":	5,
					"start":	3.0128,
					"end":	4.00965,
					"seconds":	0.99685001373291,
					"bytes":	1310720,
					"bits_per_second":	10518894.372819349,
					"omitted":	false,
					"sender":	true
				}],
			"sum":	{
				"start":	3.0128,
				"end":	4.00965,
				"seconds":	0.99685001373291,
				"bytes":	1310720,
				"bits_per_second":	10518894.372819349,
				"omitted":	false,
				"sender":	true
			}
		}, {
			"streams":	[{
					"socket":	5,
					"start":	4.00965,
					"end":	5.00757,
					"seconds":	0.99791997671127319,
					"bytes":	1572864,
					"bits_per_second":	12609139.303401876,
					"omitted":	false,
					"sender":	true
				}],
			"sum":	{
				"start":	4.00965,
				"end":	5.00757,
				"seconds":	0.99791997671127319,
				"bytes":	1572864,
				"bits_per_second":	12609139.303401876,
				"omitted":	false,
				"sender":	true
			}
		}, {
			"streams":	[{
					"socket":	5,
					"start":	5.00757,
					"end":	6.007786,
					"seconds":	1.000216007232666,
					"bytes":	1179648,
					"bits_per_second":	9435145.94023565,
					"omitted":	false,
					"sender":	true
				}],
			"sum":	{
				"start":	5.00757,
				"end":	6.007786,
				"seconds":	1.000216007232666,
				"bytes":	1179648,
				"bits_per_second":	9435145.94023565,
				"omitted":	false,
				"sender":	true
			}
		}, {
			"streams":	[{
					"socket":	5,
					"start":	6.007786,
					"end":	7.005081,
					"seconds":	0.99729502201080322,
					"bytes":	1572864,
					"bits_per_second":	12617040.817700678,
					"omitted":	false,
					"sender":	true
				}],
			"sum":	{
				"start":	6.007786,
				"end":	7.005081,
				"seconds":	0.99729502201080322,
				"bytes":	1572864,
				"bits_per_second":	12617040.817700678,
				"omitted":	false,
				"sender":	true
			}
		}, {
			"streams":	[{
					"socket":	5,
					"start":	7.005081,
					"end":	8.009642,
					"seconds":	1.0045609474182129,
					"bytes":	1572864,
					"bits_per_second":	12525782.564352022,
					"omitted":	false,
					"sender":	true
				}],
			"sum":	{
				"start":	7.005081,
				"end":	8.009642,
				"seconds":	1.0045609474182129,
				"bytes":	1572864,
				"bits_per_second":	12525782.564352022,
				"omitted":	false,
				"sender":	true
			}
		}, {
			"streams":	[{
					"socket":	5,
					"start":	8.009642,
					"end":	9.011895,
					"seconds":	1.00225305557251,
					"bytes":	1179648,
					"bits_per_second":	9415969.29790278,
					"omitted":	false,
					"sender":	true
				}],
			"sum":	{
				"start":	8.009642,
				"end":	9.011895,
				"seconds":	1.00225305557251,
				"bytes":	1179648,
				"bits_per_second":	9415969.29790278,
				"omitted":	false,
				"sender":	true
			}
		}, {
			"streams":	[{
					"socket":	5,
					"start":	9.011895,
					"end":	10.007987,
					"seconds":	0.99609202146530151,
					"bytes":	1441792,
					"bits_per_second":	11579588.78441011,
					"omitted":	false,
					"sender":	true
				}],
			"sum":	{
				"start":	9.011895,
				"end":	10.007987,
				"seconds":	0.99609202146530151,
				"bytes":	1441792,
				"bits_per_second":	11579588.78441011,
				"omitted":	false,
				"sender":	true
			}
		}, {
			"streams":	[{
					"socket":	5,
					"start":	10.007987,
					"end":	11.008302,
					"seconds":	1.0003149509429932,
					"bytes":	1703936,
					"bits_per_second":	13627196.101737404,
					"omitted":	false,
					"sender":	true
				}],
			"sum":	{
				"start":	10.007987,
				"end":	11.008302,
				"seconds":	1.0003149509429932,
				"bytes":	1703936,
				"bits_per_second":	13627196.101737404,
				"omitted":	false,
				"sender":	true
			}
		}, {
			"streams":	[{
					"socket":	5,
					"start":	11.008302,
					"end":	12.005045,
					"seconds":	0.99674302339553833,
					"bytes":	1179648,
					"bits_per_second":	9468021.1232891,
					"omitted":	false,
					"sender":	true
				}],
			"sum":	{
				"start":	11.008302,
				"end":	12.005045,
				"seconds":	0.99674302339553833,
				"bytes":	1179648,
				"bits_per_second":	9468021.1232891,
				"omitted":	false,
				"sender":	true
			}
		}, {
			"streams":	[{
					"socket":	5,
					"start":	12.005045,
					"end":	13.003836,
					"seconds":	0.998790979385376,
					"bytes":	262144,
					"bits_per_second":	2099690.5691824732,
					"omitted":	false,
					"sender":	true
				}],
			"sum":	{
				"start":	12.005045,
				"end":	13.003836,
				"seconds":	0.998790979385376,
				"bytes":	262144,
				"bits_per_second":	2099690.5691824732,
				"omitted":	false,
				"sender":	true
			}
		}, {
			"streams":	[{
					"socket":	5,
					"start":	13.003836,
					"end":	14.012692,
					"seconds":	1.0088560581207275,
					"bytes":	655360,
					"bits_per_second":	5196856.33822362,
					"omitted":	false,
					"sender":	true
				}],
			"sum":	{
				"start":	13.003836,
				"end":	14.012692,
				"seconds":	1.0088560581207275,
				"bytes":	655360,
				"bits_per_second":	5196856.33822362,
				"omitted":	false,
				"sender":	true
			}
		}, {
			"streams":	[{
					"socket":	5,
					"start":	14.012692,
					"end":	15.013776,
					"seconds":	1.0010839700698853,
					"bytes":	786432,
					"bits_per_second":	6284643.6344004152,
					"omitted":	false,
					"sender":	true
				}],
			"sum":	{
				"start":	14.012692,
				"end":	15.013776,
				"seconds":	1.0010839700698853,
				"bytes":	786432,
				"bits_per_second":	6284643.6344004152,
				"omitted":	false,
				"sender":	true
			}
		}, {
			"streams":	[{
					"socket":	5,
					"start":	15.013776,
					"end":	16.005162,
					"seconds":	0.99138599634170532,
					"bytes":	1179648,
					"bits_per_second":	9519182.2709055543,
					"omitted":	false,
					"sender":	true
				}],
			"sum":	{
				"start":	15.013776,
				"end":	16.005162,
				"seconds":	0.99138599634170532,
				"bytes":	1179648,
				"bits_per_second":	9519182.2709055543,