{
	"start":	{
		"connected":	[{
				"socket":	5,
				"local_host":	"10.171.211.72",
				"local_port":	52263,
				"remote_host":	"10.171.211.94",
				"remote_port":	5201
			}],
		"version":	"iperf 3.21",
		"system_info":	"CYGWIN_NT-10.0-26200 AidanPC 3.6.7-1.x86_64 2026-03-02 20:13 UTC x86_64",
		"timestamp":	{
			"time":	"Tue, 28 Apr 2026 18:27:44 GMT",
			"timesecs":	1777400864,
			"timemillisecs":	1777400864428
		},
		"connecting_to":	{
			"host":	"10.171.211.94",
			"port":	5201
		},
		"cookie":	"vxraab2igkmq3ftnrlo6abupyhejdvgz365x",
		"tcp_mss_default":	1460,
		"target_bitrate":	0,
		"fq_rate":	0,
		"sock_bufsize":	0,
		"sndbuf_actual":	65536,
		"rcvbuf_actual":	65536,
		"test_start":	{
			"protocol":	"TCP",
			"num_streams":	1,
			"blksize":	131072,
			"omit":	0,
			"duration":	30,
			"bytes":	0,
			"blocks":	0,
			"reverse":	0,
			"tos":	0,
			"target_bitrate":	0,
			"bidir":	0,
			"fqrate":	0,
			"interval":	1,
			"gso":	0,
			"gro":	0
		}
	},
	"intervals":	[{
			"streams":	[{
					"socket":	5,
					"start":	0,
					"end":	1.005634,
					"seconds":	1.0056339502334595,
					"bytes":	2359296,
					"bits_per_second":	18768626.492391478,
					"omitted":	false,
					"sender":	true
				}],
			"sum":	{
				"start":	0,
				"end":	1.005634,
				"seconds":	1.0056339502334595,
				"bytes":	2359296,
				"bits_per_second":	18768626.492391478,
				"omitted":	false,
				"sender":	true
			}
		}, {
			"streams":	[{
					"socket":	5,
					"start":	1.005634,
					"end":	2.006041,
					"seconds":	1.0004069805145264,
					"bytes":	1441792,
					"bits_per_second":	11529643.659691073,
					"omitted":	false,
					"sender":	true
				}],
			"sum":	{
				"start":	1.005634,
				"end":	2.006041,
				"seconds":	1.0004069805145264,
				"bytes":	1441792,
				"bits_per_second":	11529643.659691073,
				"omitted":	false,
				"sender":	true
			}
		}, {
			"streams":	[{
					"socket":	5,
					"start":	2.006041,
					"end":	3.004185,
					"seconds":	0.998143970966339,
					"bytes":	1310720,
					"bits_per_second":	10505258.063972834,
					"omitted":	false,
					"sender":	true
				}],
			"sum":	{
				"start":	2.006041,
				"end":	3.004185,
				"seconds":	0.998143970966339,
				"bytes":	1310720,
				"bits_per_second":	10505258.063972834,
				"omitted":	false,
				"sender":	true
			}
		}, {
			"streams":	[{
					"socket":	5,
					"start":	3.004185,
					"end":	4.003453,
					"seconds":	0.99926799535751343,
					"bytes":	1179648,
					"bits_per_second":	9444097.1229380853,
					"omitted":	false,
					"sender":	true
				}],
			"sum":	{
				"start":	3.004185,
				"end":	4.003453,
				"seconds":	0.99926799535751343,
				"bytes":	1179648,
				"bits_per_second":	9444097.1229380853,
				"omitted":	false,
				"sender":	true
			}
		}, {
			"streams":	[{
					"socket":	5,
					"start":	4.003453,
					"end":	5.014377,
					"seconds":	1.0109239816665649,
					"bytes":	1179648,
					"bits_per_second":	9335206.3766874652,
					"omitted":	false,
					"sender":	true
				}],
			"sum":	{
				"start":	4.003453,
				"end":	5.014377,
				"seconds":	1.0109239816665649,
				"bytes":	1179648,
				"bits_per_second":	9335206.3766874652,
				"omitted":	false,
				"sender":	true
			}
		}, {
			"streams":	[{
					"socket":	5,
					"start":	5.014377,
					"end":	6.012115,
					"seconds":	0.997738003730774,
					"bytes":	1441792,
					"bits_per_second":	11560485.775695063,
					"omitted":	false,
					"sender":	true
				}],
			"sum":	{
				"start":	5.014377,
				"end":	6.012115,
				"seconds":	0.997738003730774,
				"bytes":	1441792,
				"bits_per_second":	11560485.775695063,
				"omitted":	false,
				"sender":	true
			}
		}, {
			"streams":	[{
					"socket":	5,
					"start":	6.012115,
					"end":	7.009041,
					"seconds":	0.99692600965499878,
					"bytes":	1310720,
					"bits_per_second":	10518092.514838442,
					"omitted":	false,
					"sender":	true
				}],
			"sum":	{
				"start":	6.012115,
				"end":	7.009041,
				"seconds":	0.99692600965499878,
				"bytes":	1310720,
				"bits_per_second":	10518092.514838442,
				"omitted":	false,
				"sender":	true
			}
		}, {
			"streams":	[{
					"socket":	5,
					"start":	7.009041,
					"end":	8.005837,
					"seconds":	0.99679601192474365,
					"bytes":	917504,
					"bits_per_second":	7363624.9665835937,
					"omitted":	false,
					"sender":	true
				}],
			"sum":	{
				"start":	7.009041,
				"end":	8.005837,
				"seconds":	0.99679601192474365,
				"bytes":	917504,
				"bits_per_second":	7363624.9665835937,
				"omitted":	false,
				"sender":	true
			}
		}, {
			"streams":	[{
					"socket":	5,
					"start":	8.005837,
					"end":	9.0013,
					"seconds":	0.99546301364898682,
					"bytes":	1179648,
					"bits_per_second":	9480195.5176686,
					"omitted":	false,
					"sender":	true
				}],
			"sum":	{
				"start":	8.005837,
				"end":	9.0013,
				"seconds":	0.99546301364898682,
				"bytes":	1179648,
				"bits_per_second":	9480195.5176686,
				"omitted":	false,
				"sender":	true
			}
		}, {
			"streams":	[{
					"socket":	5,
					"start":	9.0013,
					"end":	10.010231,
					"seconds":	1.008931040763855,
					"bytes":	917504,
					"bits_per_second":	7275058.1590223555,
					"omitted":	false,
					"sender":	true
				}],
			"sum":	{
				"start":	9.0013,
				"end":	10.010231,
				"seconds":	1.008931040763855,
				"bytes":	917504,
				"bits_per_second":	7275058.1590223555,
				"omitted":	false,
				"sender":	true
			}
		}, {
			"streams":	[{
					"socket":	5,
					"start":	10.010231,
					"end":	11.006783,
					"seconds":	0.9965519905090332,
					"bytes":	1048576,
					"bits_per_second":	8417632.0752870571,
					"omitted":	false,
					"sender":	true
				}],
			"sum":	{
				"start":	10.010231,
				"end":	11.006783,
				"seconds":	0.9965519905090332,
				"bytes":	1048576,
				"bits_per_second":	8417632.0752870571,
				"omitted":	false,
				"sender":	true
			}
		}, {
			"streams":	[{
					"socket":	5,
					"start":	11.006783,
					"end":	12.010282,
					"seconds":	1.0034990310668945,
					"bytes":	1310720,
					"bits_per_second":	10449197.931812458,
					"omitted":	false,
					"sender":	true
				}],
			"sum":	{
				"start":	11.006783,
				"end":	12.010282,
				"seconds":	1.0034990310668945,
				"bytes":	1310720,
				"bits_per_second":	10449197.931812458,
				"omitted":	false,
				"sender":	true
			}
		}, {
			"streams":	[{
					"socket":	5,
					"start":	12.010282,
					"end":	13.007456,
					"seconds":	0.99717402458190918,
					"bytes":	1310720,
					"bits_per_second":	10515476.478036443,
					"omitted":	false,
					"sender":	true
				}],
			"sum":	{
				"start":	12.010282,
				"end":	13.007456,
				"seconds":	0.99717402458190918,
				"bytes":	1310720,
				"bits_per_second":	10515476.478036443,
				"omitted":	false,
				"sender":	true
			}
		}, {
			"streams":	[{
					"socket":	5,
					"start":	13.007456,
					"end":	14.004923,
					"seconds":	0.99746698141098022,
					"bytes":	1441792,
					"bits_per_second":	11563626.88184821,
					"omitted":	false,
					"sender":	true
				}],
			"sum":	{
				"start":	13.007456,
				"end":	14.004923,
				"seconds":	0.99746698141098022,
				"bytes":	1441792,
				"bits_per_second":	11563626.88184821,
				"omitted":	false,
				"sender":	true
			}
		}, {
			"streams":	[{
					"socket":	5,
					"start":	14.004923,
					"end":	15.004643,
					"seconds":	0.99971997737884521,
					"bytes":	1179648,
					"bits_per_second":	9439827.36520205,
					"omitted":	false,
					"sender":	true
				}],
			"sum":	{
				"start":	14.004923,
				"end":	15.004643,
				"seconds":	0.99971997737884521,
				"bytes":	1179648,
				"bits_per_second":	9439827.36520205,
				"omitted":	false,
				"sender":	true
			}
		}, {
			"streams":	[{
					"socket":	5,
					"start":	15.004643,
					"end":	16.001733,
					"seconds":	0.997089982032776,
					"bytes":	1179648,
					"bits_per_second":	9464726.5242404,
					"omitted":	false,
					"sender":	true
				}],
			"sum":	{
				"start":	15.004643,
				"end":	16.001733,
				"seconds":	0.997089982032776,
				"bytes":	1179648,