{
	"start":	{
		"connected":	[{
				"socket":	5,
				"local_host":	"10.171.211.72",
				"local_port":	52265,
				"remote_host":	"10.171.211.94",
				"remote_port":	5201
			}],
		"version":	"iperf 3.21",
		"system_info":	"CYGWIN_NT-10.0-26200 AidanPC 3.6.7-1.x86_64 2026-03-02 20:13 UTC x86_64",
		"timestamp":	{
			"time":	"Tue, 28 Apr 2026 18:28:16 GMT",
			"timesecs":	1777400896,
			"timemillisecs":	1777400896622
		},
		"connecting_to":	{
			"host":	"10.171.211.94",
			"port":	5201
		},
		"cookie":	"6i34qsfnn344vo5ilj42dlnwuhyufi7oqadh",
		"tcp_mss_default":	1460,
		"target_bitrate":	0,
		"fq_rate":	0,
		"sock_bufsize":	0,
		"sndbuf_actual":	65536,
		"rcvbuf_actual":	65536,
		"test_start":	{
			"protocol":	"TCP",
			"num_streams":	1,
			"blksize":	131072,
			"omit":	0,
			"duration":	30,
			"bytes":	0,
			"blocks":	0,
			"reverse":	0,
			"tos":	0,
			"target_bitrate":	0,
			"bidir":	0,
			"fqrate":	0,
			"interval":	1,
			"gso":	0,
			"gro":	0
		}
	},
	"intervals":	[{
			"streams":	[{
					"socket":	5,
					"start":	0,
					"end":	1.009441,
					"seconds":	1.0094410181045532,
					"bytes":	2490368,
					"bits_per_second":	19736610.304789968,
					"omitted":	false,
					"sender":	true
				}],
			"sum":	{
				"start":	0,
				"end":	1.009441,
				"seconds":	1.0094410181045532,
				"bytes":	2490368,
				"bits_per_second":	19736610.304789968,
				"omitted":	false,
				"sender":	true
			}
		}, {
			"streams":	[{
					"socket":	5,
					"start":	1.009441,
					"end":	2.008653,
					"seconds":	0.99921202659606934,
					"bytes":	1441792,
					"bits_per_second":	11543431.917340949,
					"omitted":	false,
					"sender":	true
				}],
			"sum":	{
				"start":	1.009441,
				"end":	2.008653,
				"seconds":	0.99921202659606934,
				"bytes":	1441792,
				"bits_per_second":	11543431.917340949,
				"omitted":	false,
				"sender":	true
			}
		}, {
			"streams":	[{
					"socket":	5,
					"start":	2.008653,
					"end":	3.005397,
					"seconds":	0.99674397706985474,
					"bytes":	1179648,
					"bits_per_second":	9468012.06438453,
					"omitted":	false,
					"sender":	true
				}],
			"sum":	{
				"start":	2.008653,
				"end":	3.005397,
				"seconds":	0.99674397706985474,
				"bytes":	1179648,
				"bits_per_second":	9468012.06438453,
				"omitted":	false,
				"sender":	true
			}
		}, {
			"streams":	[{
					"socket":	5,
					"start":	3.005397,
					"end":	4.005042,
					"seconds":	0.99964499473571777,
					"bytes":	1703936,
					"bits_per_second":	13636328.968569327,
					"omitted":	false,
					"sender":	true
				}],
			"sum":	{
				"start":	3.005397,
				"end":	4.005042,
				"seconds":	0.99964499473571777,
				"bytes":	1703936,
				"bits_per_second":	13636328.968569327,
				"omitted":	false,
				"sender":	true
			}
		}, {
			"streams":	[{
					"socket":	5,
					"start":	4.005042,
					"end":	5.004146,
					"seconds":	0.99910402297973633,
					"bytes":	1310720,
					"bits_per_second":	10495163.425252939,
					"omitted":	false,
					"sender":	true
				}],
			"sum":	{
				"start":	4.005042,
				"end":	5.004146,
				"seconds":	0.99910402297973633,
				"bytes":	1310720,
				"bits_per_second":	10495163.425252939,
				"omitted":	false,
				"sender":	true
			}
		}, {
			"streams":	[{
					"socket":	5,
					"start":	5.004146,
					"end":	6.015128,
					"seconds":	1.0109820365905762,
					"bytes":	1179648,
					"bits_per_second":	9334670.30910445,
					"omitted":	false,
					"sender":	true
				}],
			"sum":	{
				"start":	5.004146,
				"end":	6.015128,
				"seconds":	1.0109820365905762,
				"bytes":	1179648,
				"bits_per_second":	9334670.30910445,
				"omitted":	false,
				"sender":	true
			}
		}, {
			"streams":	[{
					"socket":	5,
					"start":	6.015128,
					"end":	7.009947,
					"seconds":	0.99481898546218872,
					"bytes":	1310720,
					"bits_per_second":	10540369.809215453,
					"omitted":	false,
					"sender":	true
				}],
			"sum":	{
				"start":	6.015128,
				"end":	7.009947,
				"seconds":	0.99481898546218872,
				"bytes":	1310720,
				"bits_per_second":	10540369.809215453,
				"omitted":	false,
				"sender":	true
			}
		}, {
			"streams":	[{
					"socket":	5,
					"start":	7.009947,
					"end":	8.008624,
					"seconds":	0.99867701530456543,
					"bytes":	1441792,
					"bits_per_second":	11549615.965160053,
					"omitted":	false,
					"sender":	true
				}],
			"sum":	{
				"start":	7.009947,
				"end":	8.008624,
				"seconds":	0.99867701530456543,
				"bytes":	1441792,
				"bits_per_second":	11549615.965160053,
				"omitted":	false,
				"sender":	true
			}
		}, {
			"streams":	[{
					"socket":	5,
					"start":	8.008624,
					"end":	9.004054,
					"seconds":	0.99542999267578125,
					"bytes":	1310720,
					"bits_per_second":	10533900.000153288,
					"omitted":	false,
					"sender":	true
				}],
			"sum":	{
				"start":	8.008624,
				"end":	9.004054,
				"seconds":	0.99542999267578125,
				"bytes":	1310720,
				"bits_per_second":	10533900.000153288,
				"omitted":	false,
				"sender":	true
			}
		}, {
			"streams":	[{
					"socket":	5,
					"start":	9.004054,
					"end":	10.002121,
					"seconds":	0.998067021369934,
					"bytes":	786432,
					"bits_per_second":	6303640.80296374,
					"omitted":	false,
					"sender":	true
				}],
			"sum":	{
				"start":	9.004054,
				"end":	10.002121,
				"seconds":	0.998067021369934,
				"bytes":	786432,
				"bits_per_second":	6303640.80296374,
				"omitted":	false,
				"sender":	true
			}
		}, {
			"streams":	[{
					"socket":	5,
					"start":	10.002121,
					"end":	11.009744,
					"seconds":	1.0076229572296143,
					"bytes":	655360,
					"bits_per_second":	5203216.1061662547,
					"omitted":	false,
					"sender":	true
				}],
			"sum":	{
				"start":	10.002121,
				"end":	11.009744,
				"seconds":	1.0076229572296143,
				"bytes":	655360,
				"bits_per_second":	5203216.1061662547,
				"omitted":	false,
				"sender":	true
			}
		}, {
			"streams":	[{
					"socket":	5,
					"start":	11.009744,
					"end":	12.01096,
					"seconds":	1.0012160539627075,
					"bytes":	1835008,
					"bits_per_second":	14662233.932324452,
					"omitted":	false,
					"sender":	true
				}],
			"sum":	{
				"start":	11.009744,
				"end":	12.01096,
				"seconds":	1.0012160539627075,
				"bytes":	1835008,
				"bits_per_second":	14662233.932324452,
				"omitted":	false,
				"sender":	true
			}
		}, {
			"streams":	[{
					"socket":	5,
					"start":	12.01096,
					"end":	13.007526,
					"seconds":	0.99656599760055542,
					"bytes":	1179648,
					"bits_per_second":	9469702.98276484,
					"omitted":	false,
					"sender":	true
				}],
			"sum":	{
				"start":	12.01096,
				"end":	13.007526,
				"seconds":	0.99656599760055542,
				"bytes":	1179648,
				"bits_per_second":	9469702.98276484,
				"omitted":	false,
				"sender":	true
			}
		}, {
			"streams":	[{
					"socket":	5,
					"start":	13.007526,
					"end":	14.003847,
					"seconds":	0.99632102251052856,
					"bytes":	1310720,
					"bits_per_second":	10524479.322515944,
					"omitted":	false,
					"sender":	true
				}],
			"sum":	{
				"start":	13.007526,
				"end":	14.003847,
				"seconds":	0.99632102251052856,
				"bytes":	1310720,
				"bits_per_second":	10524479.322515944,
				"omitted":	false,
				"sender":	true
			}
		}, {
			"streams":	[{
					"socket":	5,
					"start":	14.003847,
					"end":	15.001868,
					"seconds":	0.99802100658416748,
					"bytes":	1310720,
					"bits_per_second":	10506552.398018779,
					"omitted":	false,
					"sender":	true
				}],
			"sum":	{
				"start":	14.003847,
				"end":	15.001868,
				"seconds":	0.99802100658416748,
				"bytes":	1310720,
				"bits_per_second":	10506552.398018779,
				"omitted":	false,
				"sender":	true
			}
		}, {
			"streams":	[{
					"socket":	5,
					"start":	15.001868,
					"end":	16.012735,
					"seconds":	1.01086699962616,
					"bytes":	1048576,
					"bits_per_second":	8298428.97542633,
					"omitted":	false,
					"sender":	true
				}],
			"sum":	{
				"start":	15.001868,
				"end":	16.012735,
				"seconds":	1.01086699962616,
				"bytes":	1048576,