{
	"start":	{
		"connected":	[{
				"socket":	5,
				"local_host":	"10.171.211.72",
				"local_port":	53891,
				"remote_host":	"10.171.211.94",
				"remote_port":	5201
			}],
		"version":	"iperf 3.21",
		"system_info":	"CYGWIN_NT-10.0-26200 AidanPC 3.6.7-1.x86_64 2026-03-02 20:13 UTC x86_64",
		"timestamp":	{
			"time":	"Tue, 28 Apr 2026 18:29:54 GMT",
			"timesecs":	1777400994,
			"timemillisecs":	1777400994711
		},
		"connecting_to":	{
			"host":	"10.171.211.94",
			"port":	5201
		},
		"cookie":	"kkt6nkvyrx4qw7yvobgxzujdp5nkko4jpfmb",
		"tcp_mss_default":	1460,
		"target_bitrate":	0,
		"fq_rate":	0,
		"sock_bufsize":	0,
		"sndbuf_actual":	65536,
		"rcvbuf_actual":	65536,
		"test_start":	{
			"protocol":	"TCP",
			"num_streams":	1,
			"blksize":	131072,
			"omit":	0,
			"duration":	30,
			"bytes":	0,
			"blocks":	0,
			"reverse":	0,
			"tos":	0,
			"target_bitrate":	0,
			"bidir":	0,
			"fqrate":	0,
			"interval":	1,
			"gso":	0,
			"gro":	0
		}
	},
	"intervals":	[{
			"streams":	[{
					"socket":	5,
					"start":	0,
					"end":	1.00028,
					"seconds":	1.0002800226211548,
					"bytes":	2490368,
					"bits_per_second":	19917366.68677387,
					"omitted":	false,
					"sender":	true
				}],
			"sum":	{
				"start":	0,
				"end":	1.00028,
				"seconds":	1.0002800226211548,
				"bytes":	2490368,
				"bits_per_second":	19917366.68677387,
				"omitted":	false,
				"sender":	true
			}
		}, {
			"streams":	[{
					"socket":	5,
					"start":	1.00028,
					"end":	2.001106,
					"seconds":	1.0008260011672974,
					"bytes":	1703936,
					"bits_per_second":	13620237.667787541,
					"omitted":	false,
					"sender":	true
				}],
			"sum":	{
				"start":	1.00028,
				"end":	2.001106,
				"seconds":	1.0008260011672974,
				"bytes":	1703936,
				"bits_per_second":	13620237.667787541,
				"omitted":	false,
				"sender":	true
			}
		}, {
			"streams":	[{
					"socket":	5,
					"start":	2.001106,
					"end":	3.01217,
					"seconds":	1.0110640525817871,
					"bytes":	1441792,
					"bits_per_second":	11408116.004665257,
					"omitted":	false,
					"sender":	true
				}],
			"sum":	{
				"start":	2.001106,
				"end":	3.01217,
				"seconds":	1.0110640525817871,
				"bytes":	1441792,
				"bits_per_second":	11408116.004665257,
				"omitted":	false,
				"sender":	true
			}
		}, {
			"streams":	[{
					"socket":	5,
					"start":	3.01217,
					"end":	4.007446,
					"seconds":	0.99527597427368164,
					"bytes":	1703936,
					"bits_per_second":	13696189.149896635,
					"omitted":	false,
					"sender":	true
				}],
			"sum":	{
				"start":	3.01217,
				"end":	4.007446,
				"seconds":	0.99527597427368164,
				"bytes":	1703936,
				"bits_per_second":	13696189.149896635,
				"omitted":	false,
				"sender":	true
			}
		}, {
			"streams":	[{
					"socket":	5,
					"start":	4.007446,
					"end":	5.004346,
					"seconds":	0.99690002202987671,
					"bytes":	1179648,
					"bits_per_second":	9466530.03456065,
					"omitted":	false,
					"sender":	true
				}],
			"sum":	{
				"start":	4.007446,
				"end":	5.004346,
				"seconds":	0.99690002202987671,
				"bytes":	1179648,
				"bits_per_second":	9466530.03456065,
				"omitted":	false,
				"sender":	true
			}
		}, {
			"streams":	[{
					"socket":	5,
					"start":	5.004346,
					"end":	6.00535,
					"seconds":	1.0010039806365967,
					"bytes":	1179648,
					"bits_per_second":	9427718.752924785,
					"omitted":	false,
					"sender":	true
				}],
			"sum":	{
				"start":	5.004346,
				"end":	6.00535,
				"seconds":	1.0010039806365967,
				"bytes":	1179648,
				"bits_per_second":	9427718.752924785,
				"omitted":	false,
				"sender":	true
			}
		}, {
			"streams":	[{
					"socket":	5,
					"start":	6.00535,
					"end":	7.006386,
					"seconds":	1.0010360479354858,
					"bytes":	1441792,
					"bits_per_second":	11522398.2430884,
					"omitted":	false,
					"sender":	true
				}],
			"sum":	{
				"start":	6.00535,
				"end":	7.006386,
				"seconds":	1.0010360479354858,
				"bytes":	1441792,
				"bits_per_second":	11522398.2430884,
				"omitted":	false,
				"sender":	true
			}
		}, {
			"streams":	[{
					"socket":	5,
					"start":	7.006386,
					"end":	8.007998,
					"seconds":	1.0016119480133057,
					"bytes":	1310720,
					"bits_per_second":	10468884.70210292,
					"omitted":	false,
					"sender":	true
				}],
			"sum":	{
				"start":	7.006386,
				"end":	8.007998,
				"seconds":	1.0016119480133057,
				"bytes":	1310720,
				"bits_per_second":	10468884.70210292,
				"omitted":	false,
				"sender":	true
			}
		}, {
			"streams":	[{
					"socket":	5,
					"start":	8.007998,
					"end":	9.003182,
					"seconds":	0.99518400430679321,
					"bytes":	1310720,
					"bits_per_second":	10536503.756713791,
					"omitted":	false,
					"sender":	true
				}],
			"sum":	{
				"start":	8.007998,
				"end":	9.003182,
				"seconds":	0.99518400430679321,
				"bytes":	1310720,
				"bits_per_second":	10536503.756713791,
				"omitted":	false,
				"sender":	true
			}
		}, {
			"streams":	[{
					"socket":	5,
					"start":	9.003182,
					"end":	10.001174,
					"seconds":	0.997991979122162,
					"bytes":	1703936,
					"bits_per_second":	13658915.387266256,
					"omitted":	false,
					"sender":	true
				}],
			"sum":	{
				"start":	9.003182,
				"end":	10.001174,
				"seconds":	0.997991979122162,
				"bytes":	1703936,
				"bits_per_second":	13658915.387266256,
				"omitted":	false,
				"sender":	true
			}
		}, {
			"streams":	[{
					"socket":	5,
					"start":	10.001174,
					"end":	11.000878,
					"seconds":	0.99970400333404541,
					"bytes":	1703936,
					"bits_per_second":	13635524.069663163,
					"omitted":	false,
					"sender":	true
				}],
			"sum":	{
				"start":	10.001174,
				"end":	11.000878,
				"seconds":	0.99970400333404541,
				"bytes":	1703936,
				"bits_per_second":	13635524.069663163,
				"omitted":	false,
				"sender":	true
			}
		}, {
			"streams":	[{
					"socket":	5,
					"start":	11.000878,
					"end":	12.010305,
					"seconds":	1.0094269514083862,
					"bytes":	1179648,
					"bits_per_second":	9349050.95097067,
					"omitted":	false,
					"sender":	true
				}],
			"sum":	{
				"start":	11.000878,
				"end":	12.010305,
				"seconds":	1.0094269514083862,
				"bytes":	1179648,
				"bits_per_second":	9349050.95097067,
				"omitted":	false,
				"sender":	true
			}
		}, {
			"streams":	[{
					"socket":	5,
					"start":	12.010305,
					"end":	13.010239,
					"seconds":	0.99993401765823364,
					"bytes":	1310720,
					"bits_per_second":	10486451.920654545,
					"omitted":	false,
					"sender":	true
				}],
			"sum":	{
				"start":	12.010305,
				"end":	13.010239,
				"seconds":	0.99993401765823364,
				"bytes":	1310720,
				"bits_per_second":	10486451.920654545,
				"omitted":	false,
				"sender":	true
			}
		}, {
			"streams":	[{
					"socket":	5,
					"start":	13.010239,
					"end":	14.011181,
					"seconds":	1.00094199180603,
					"bytes":	1703936,
					"bits_per_second":	13618659.334497785,
					"omitted":	false,
					"sender":	true
				}],
			"sum":	{
				"start":	13.010239,
				"end":	14.011181,
				"seconds":	1.00094199180603,
				"bytes":	1703936,
				"bits_per_second":	13618659.334497785,
				"omitted":	false,
				"sender":	true
			}
		}, {
			"streams":	[{
					"socket":	5,
					"start":	14.011181,
					"end":	15.009675,
					"seconds":	0.998494029045105,
					"bytes":	1179648,
					"bits_per_second":	9451417.56032844,
					"omitted":	false,
					"sender":	true
				}],
			"sum":	{
				"start":	14.011181,
				"end":	15.009675,
				"seconds":	0.998494029045105,
				"bytes":	1179648,
				"bits_per_second":	9451417.56032844,
				"omitted":	false,
				"sender":	true
			}
		}, {
			"streams":	[{
					"socket":	5,
					"start":	15.009675,
					"end":	16.007383,
					"seconds":	0.997708022594452,
					"bytes":	1048576,
					"bits_per_second":	8407878.6679355,
					"omitted":	false,
					"sender":	true
				}],
			"sum":	{
				"start":	15.009675,
				"end":	16.007383,
				"seconds":	0.997708022594452,
				"bytes":	1048576,